"theme","fundersTop10","year","recipients","totalAwarded","maxAwarded","avgAwarded"
"activity","Comic Relief",2015,10,1322853,248000,132285.3
"activity","Comic Relief",2016,6,12552555,8e+06,2092092.5
"activity","Comic Relief",2017,5,494894,165000,98978.8
"activity","Esmée Fairbairn Foundation",2008,2,169404,98656,84702
"activity","Esmée Fairbairn Foundation",2011,1,103022,103022,103022
"activity","Esmée Fairbairn Foundation",2014,1,3e+05,3e+05,3e+05
"activity","Esmée Fairbairn Foundation",2015,1,30000,30000,30000
"activity","Esmée Fairbairn Foundation",2016,3,157000,60000,52333.3333333333
"activity","Esmée Fairbairn Foundation",2017,2,3e+05,150000,150000
"activity","Northern Rock Foundation",2004,4,463848,250000,115962
"activity","Northern Rock Foundation",2005,3,225129,92880,75043
"activity","Northern Rock Foundation",2006,5,251849,112404,50369.8
"activity","Northern Rock Foundation",2007,5,189968,99000,37993.6
"activity","Northern Rock Foundation",2009,1,25395,25395,25395
"activity","Northern Rock Foundation",2011,1,15724,15724,15724
"activity","others",2004,1,2500,2500,2500
"activity","others",2005,4,6000,2500,1500
"activity","others",2007,1,500,500,500
"activity","others",2008,3,8160,4000,2720
"activity","others",2009,2,7500,5000,3750
"activity","others",2010,3,23200,19200,7733.33333333333
"activity","others",2011,3,3700,1500,1233.33333333333
"activity","others",2012,11,204300,85000,18572.7272727273
"activity","others",2013,46,1465602.74,98710,31860.9291304348
"activity","others",2014,70,2842070.4,121000,40601.0057142857
"activity","others",2015,118,3211396.5,367842,27215.2245762712
"activity","others",2016,155,2414403.62,305854,15576.7975483871
"activity","others",2017,345,1939320.66,150000,5621.21930434783
"activity","Paul Hamlyn Foundation",2007,2,64672,45000,32336
"activity","Paul Hamlyn Foundation",2008,2,14000,9000,7000
"activity","Paul Hamlyn Foundation",2009,1,128442,128442,128442
"activity","Paul Hamlyn Foundation",2010,3,94636,79838,31545.3333333333
"activity","Paul Hamlyn Foundation",2011,3,29000,10000,9666.66666666667
"activity","Paul Hamlyn Foundation",2013,2,438754,240000,219377
"activity","Paul Hamlyn Foundation",2014,1,10000,10000,10000
"activity","Paul Hamlyn Foundation",2015,1,120000,120000,120000
"activity","Sport England",2004,10,4041107,821877,404110.7
"activity","Sport England",2005,43,45739271.32,13973434,1063703.98418605
"activity","Sport England",2006,25,5203832,683616,208153.28
"activity","Sport England",2007,13,6601998,4919843,507846
"activity","Sport England",2008,124,40845765,2640000,329401.330645161
"activity","Sport England",2009,1280,600973938,8.7e+07,469510.8890625
"activity","Sport England",2010,1316,66847916,3e+06,50796.2887537994
"activity","Sport England",2011,1407,273352805,64214567,194280.600568586
"activity","Sport England",2012,2305,130228944,2e+07,56498.4572668113
"activity","Sport England",2013,2365,534761023,25905915,226114.597463002
"activity","Sport England",2014,2951,319633682,16778927,108313.684174856
"activity","Sport England",2015,1424,118248488,6e+06,83039.6685393258
"activity","Sport England",2016,1231,76073053,8e+06,61797.7684809098
"activity","Sport England",2017,1407,244146305,12018000,173522.604832978
"activity","The Big Lottery Fund",2004,1550,287857591,4638975,185714.57483871
"activity","The Big Lottery Fund",2005,1291,77162417,2500000,59769.49419055
"activity","The Big Lottery Fund",2006,1696,46298590,7997162,27298.6969339623
"activity","The Big Lottery Fund",2007,1000,62882289,28850000,62882.289
"activity","The Big Lottery Fund",2008,1115,26403544.25,973160,23680.3087443946
"activity","The Big Lottery Fund",2009,912,25532087,1130447,27995.7094298246
"activity","The Big Lottery Fund",2010,773,15668762,557448,20270.0672703752
"activity","The Big Lottery Fund",2011,804,19213003.34,931495,23896.7703233831
"activity","The Big Lottery Fund",2012,837,27654560.68,7e+06,33040.0963918757
"activity","The Big Lottery Fund",2013,709,26281723.41,9994537,37068.7213117066
"activity","The Big Lottery Fund",2014,266,4952988.26,483753,18620.2566165414
"activity","The Big Lottery Fund",2015,490,16514947,793362,33703.9734693878
"activity","The Big Lottery Fund",2016,675,22611107,778100,33497.9362962963
"activity","The Big Lottery Fund",2017,525,20801668,1500000,39622.2247619048
"activity","The Wellcome Trust",2005,4,1357591,1e+06,339397.75
"activity","The Wellcome Trust",2006,7,610221,282788,87174.4285714286
"activity","The Wellcome Trust",2007,10,3930435,1856531,393043.5
"activity","The Wellcome Trust",2008,5,229051,139636,45810.2
"activity","The Wellcome Trust",2009,5,464249,209910,92849.8
"activity","The Wellcome Trust",2010,20,2042742,687783,102137.1
"activity","The Wellcome Trust",2011,18,1295395,5e+05,71966.3888888889
"activity","The Wellcome Trust",2012,5,262336,150902,52467.2
"activity","The Wellcome Trust",2013,6,468398,250000,78066.3333333333
"activity","The Wellcome Trust",2014,20,4281561,1903293,214078.05
"activity","The Wellcome Trust",2015,9,4755382,4366023,528375.777777778
"activity","The Wellcome Trust",2016,20,1630435,905754,81521.75
"activity","The Wellcome Trust",2017,10,123859,75271,12385.9
"child","Comic Relief",2015,31,10540925,1562392,340029.838709677
"child","Comic Relief",2016,20,5619712,886365,280985.6
"child","Comic Relief",2017,6,4330049,2500000,721674.833333333
"child","Esmée Fairbairn Foundation",2008,17,1104683.33,237413,64981.3723529412
"child","Esmée Fairbairn Foundation",2009,21,1518164,3e+05,72293.5238095238
"child","Esmée Fairbairn Foundation",2010,9,844613,3e+05,93845.8888888889
"child","Esmée Fairbairn Foundation",2011,19,1918967,9e+05,100998.263157895
"child","Esmée Fairbairn Foundation",2012,27,3122584.41,692055,115651.274444444
"child","Esmée Fairbairn Foundation",2013,28,2924447,499974,104444.535714286
"child","Esmée Fairbairn Foundation",2014,14,2180314,387251,155736.714285714
"child","Esmée Fairbairn Foundation",2015,21,2066985,3e+05,98427.8571428571
"child","Esmée Fairbairn Foundation",2016,25,2911401,250000,116456.04
"child","Esmée Fairbairn Foundation",2017,20,3070152,499895,153507.6
"child","Ministry of Justice",2012,89,2133369,170000,23970.4382022472
"child","Northern Rock Foundation",2004,8,379462,112523,47432.75
"child","Northern Rock Foundation",2005,8,369588,99218,46198.5
"child","Northern Rock Foundation",2006,10,504805,134463,50480.5
"child","Northern Rock Foundation",2007,9,586840,292693,65204.4444444444
"child","Northern Rock Foundation",2008,8,820780,233252,102597.5
"child","Northern Rock Foundation",2009,5,520216,133108,104043.2
"child","Northern Rock Foundation",2010,10,1019835,270000,101983.5
"child","Northern Rock Foundation",2011,6,236543,127323,39423.8333333333
"child","Northern Rock Foundation",2012,6,368525,109663,61420.8333333333
"child","Northern Rock Foundation",2013,4,86225,60000,21556.25
"child","Northern Rock Foundation",2014,1,60000,60000,60000
"child","others",2004,24,137550,70000,5731.25
"child","others",2005,43,176222,35000,4098.18604651163
"child","others",2006,28,131269,35000,4688.17857142857
"child","others",2007,43,145700,25000,3388.37209302326
"child","others",2008,38,150814.68,30000,3968.80736842105
"child","others",2009,43,148062,30000,3443.3023255814
"child","others",2010,76,867378,44400,11412.8684210526
"child","others",2011,45,549117,40000,12202.6
"child","others",2012,177,4049402,3e+05,22877.9774011299
"child","others",2013,433,16370917.44,1800000,37808.1234180139
"child","others",2014,628,26879901.79,1e+06,42802.3913853503
"child","others",2015,1003,35848359.94,1500000,35741.1365304088
"child","others",2016,694,16576499.41,1500000,23885.4458357349
"child","others",2017,2139,16376280.16,3360000,7656.04495558672
"child","Paul Hamlyn Foundation",2006,9,111130.52,50000,12347.8355555556
"child","Paul Hamlyn Foundation",2007,10,545493,180120,54549.3
"child","Paul Hamlyn Foundation",2008,9,547062,234000,60784.6666666667
"child","Paul Hamlyn Foundation",2009,8,627355,142000,78419.375
"child","Paul Hamlyn Foundation",2010,13,1200357,150000,92335.1538461538
"child","Paul Hamlyn Foundation",2011,6,657196,181100,109532.666666667
"child","Paul Hamlyn Foundation",2012,17,1643788,262738,96693.4117647059
"child","Paul Hamlyn Foundation",2013,9,1106576,227499,122952.888888889
"child","Paul Hamlyn Foundation",2014,6,457362,120000,76227
"child","Paul Hamlyn Foundation",2015,15,882133,153254,58808.8666666667
"child","Paul Hamlyn Foundation",2016,30,3212106,388000,107070.2
"child","Sport England",2009,5,43430,25000,8686
"child","Sport England",2010,4,32073,12500,8018.25
"child","Sport England",2011,5,41041,12442,8208.2
"child","Sport England",2012,6,23163,10000,3860.5
"child","Sport England",2014,4,1596787,1538076,399196.75
"child","Sport England",2017,5,331973,246303,66394.6
"child","The Big Lottery Fund",2004,2094,82669161,1.7e+07,39479.064469914
"child","The Big Lottery Fund",2005,3124,76536429,1070524,24499.4971190781
"child","The Big Lottery Fund",2006,3225,100922138,21534384,31293.6862015504
"child","The Big Lottery Fund",2007,2474,225747891,24622323,91248.1370250606
"child","The Big Lottery Fund",2008,2103,84202897.71,5168087,40039.4187874465
"child","The Big Lottery Fund",2009,1689,58039607,2805404,34363.2960331557
"child","The Big Lottery Fund",2010,1555,53075472.95,5e+06,34132.1369453376
"child","The Big Lottery Fund",2011,1860,74641816.47,1600000,40130.0088548387
"child","The Big Lottery Fund",2012,1924,103819100.13,25880000,53960.0312525988
"child","The Big Lottery Fund",2013,1818,86000465.96,3187605,47304.9867766777
"child","The Big Lottery Fund",2014,582,17411316.53,1065439,29916.3514261168
"child","The Big Lottery Fund",2015,1725,77440144,1134512,44892.8371014493
"child","The Big Lottery Fund",2016,2349,93696096,5770733,39887.6526181354
"child","The Big Lottery Fund",2017,1835,61515879,1812221,33523.6397820163
"child","The Wellcome Trust",2005,16,6421183,2212577,401323.9375
"child","The Wellcome Trust",2006,71,12054091,1457407,169775.929577465
"child","The Wellcome Trust",2007,106,41042487,3715112,387193.273584906
"child","The Wellcome Trust",2008,112,49932350,5496183,445824.553571429
"child","The Wellcome Trust",2009,71,22531072,4775296,317339.042253521
"child","The Wellcome Trust",2010,72,74482155,32168257,1034474.375
"child","The Wellcome Trust",2011,70,20200634,2495162,288580.485714286
"child","The Wellcome Trust",2012,65,50129082,13526338,771216.646153846
"child","The Wellcome Trust",2013,81,28860137,5020089,356297.987654321
"child","The Wellcome Trust",2014,94,34402289,3400000,365981.79787234
"child","The Wellcome Trust",2015,100,53176010,16433919,531760.1
"child","The Wellcome Trust",2016,105,45548331,7520000,433793.628571429
"child","The Wellcome Trust",2017,45,14963179,2553243,332515.088888889
"community","Comic Relief",2015,16,3153589,1154150,197099.3125
"community","Comic Relief",2016,14,2084048,1126000,148860.571428571
"community","Comic Relief",2017,5,3115827,1150746,623165.4
"community","Esmée Fairbairn Foundation",2008,21,1934659.81,875000,92126.6576190476
"community","Esmée Fairbairn Foundation",2009,16,1714411,729413,107150.6875
"community","Esmée Fairbairn Foundation",2010,23,1344274,160000,58446.6956521739
"community","Esmée Fairbairn Foundation",2011,33,3044720,5e+05,92264.2424242424
"community","Esmée Fairbairn Foundation",2012,35,3837657,757000,109647.342857143
"community","Esmée Fairbairn Foundation",2013,27,3195332,828442,118345.62962963
"community","Esmée Fairbairn Foundation",2014,40,3659202,281083,91480.05
"community","Esmée Fairbairn Foundation",2015,38,5148374,1e+06,135483.526315789
"community","Esmée Fairbairn Foundation",2016,42,5569116,545000,132598
"community","Esmée Fairbairn Foundation",2017,27,2621666,454835,97098.7407407407
"community","Ministry of Justice",2012,6,954307,5e+05,159051.166666667
"community","Northern Rock Foundation",2004,46,2588981,750000,56282.1956521739
"community","Northern Rock Foundation",2005,32,1257224,250000,39288.25
"community","Northern Rock Foundation",2006,35,1666614,250000,47617.5428571429
"community","Northern Rock Foundation",2007,18,1031999,348381,57333.2777777778
"community","Northern Rock Foundation",2008,3,159351,90000,53117
"community","Northern Rock Foundation",2009,7,584995,125002,83570.7142857143
"community","Northern Rock Foundation",2010,9,605796,110273,67310.6666666667
"community","Northern Rock Foundation",2011,4,290479,175000,72619.75
"community","Northern Rock Foundation",2012,2,49996.6,47566.6,24998.3
"community","Northern Rock Foundation",2013,8,480892,132080,60111.5
"community","Northern Rock Foundation",2014,3,111508,70000,37169.3333333333
"community","others",2004,8,126950,56250,15868.75
"community","others",2005,7,15360,5000,2194.28571428571
"community","others",2006,10,101500,30000,10150
"community","others",2007,17,94665,18915,5568.52941176471
"community","others",2008,12,72350,30000,6029.16666666667
"community","others",2009,19,640675,3e+05,33719.7368421053
"community","others",2010,64,1518772,341000,23730.8125
"community","others",2011,64,1989879.32,270000,31091.864375
"community","others",2012,107,3148298,436850,29423.3457943925
"community","others",2013,385,17532480.03,1565548,45538.9091688312
"community","others",2014,655,15934843.99,233114,24328.0060916031
"community","others",2015,696,17746635.63,499148,25498.0396982759
"community","others",2016,965,26016347.58,475000,26959.9456787565
"community","others",2017,1925,18302201.79,9e+05,9507.63729350649
"community","Paul Hamlyn Foundation",2006,14,413153,98000,29510.9285714286
"community","Paul Hamlyn Foundation",2007,16,747290,90000,46705.625
"community","Paul Hamlyn Foundation",2008,22,1952497,3e+05,88749.8636363636
"community","Paul Hamlyn Foundation",2009,15,1288224,182261,85881.6
"community","Paul Hamlyn Foundation",2010,14,1141808,2e+05,81557.7142857143
"community","Paul Hamlyn Foundation",2011,9,666651,181500,74072.3333333333
"community","Paul Hamlyn Foundation",2012,14,1522927,220000,108780.5
"community","Paul Hamlyn Foundation",2013,12,872924,150000,72743.6666666667
"community","Paul Hamlyn Foundation",2014,8,900020,260000,112502.5
"community","Paul Hamlyn Foundation",2015,23,1849898,350000,80430.347826087
"community","Paul Hamlyn Foundation",2016,19,1896196,388000,99799.7894736842
"community","Sport England",2004,10,4041107,821877,404110.7
"community","Sport England",2005,37,12832080.32,2670440,346812.981621622
"community","Sport England",2006,23,4448832,683616,193427.47826087
"community","Sport England",2007,10,708953,249645,70895.3
"community","Sport England",2008,40,12011720,1499884,300293
"community","Sport England",2009,194,24262488,1776283,125064.371134021
"community","Sport England",2010,168,40479342,1426345,240948.464285714
"community","Sport England",2011,157,118231957,3.4e+07,753069.789808917
"community","Sport England",2012,127,8060285,3e+06,63466.811023622
"community","Sport England",2013,186,18834985,1500000,101263.360215054
"community","Sport England",2014,184,24525956,1e+06,133293.239130435
"community","Sport England",2015,119,14762167,1250000,124051.823529412
"community","Sport England",2016,55,4437767,6e+05,80686.6727272727
"community","Sport England",2017,271,9731745,1250000,35910.4981549815
"community","The Big Lottery Fund",2004,3584,371919247.8,4638975,103772.111551339
"community","The Big Lottery Fund",2005,4858,168123081,2500000,34607.4682997118
"community","The Big Lottery Fund",2006,5204,131663695,17455006,25300.4794388932
"community","The Big Lottery Fund",2007,3986,484973234.31,57908396.4,121669.150604616
"community","The Big Lottery Fund",2008,3827,166316100.62,10881926,43458.6100391952
"community","The Big Lottery Fund",2009,3600,143512857,4883565,39864.6825
"community","The Big Lottery Fund",2010,4366,120252411.08,3800000,27542.9251213926
"community","The Big Lottery Fund",2011,5458,363886019.42,214340846,66670.212425797
"community","The Big Lottery Fund",2012,4990,170669386.01,10505123,34202.2817655311
"community","The Big Lottery Fund",2013,4978,262134551.92,47000490,52658.6082603455
"community","The Big Lottery Fund",2014,1483,38534081.54,1198292,25983.8715711396
"community","The Big Lottery Fund",2015,3123,100807717,2094334,32279.1280819725
"community","The Big Lottery Fund",2016,5451,159454821,2780681,29252.3979086406
"community","The Big Lottery Fund",2017,3601,140702527,3466000,39073.1816162177
"community","The Wellcome Trust",2005,26,3403762,826041,130913.923076923
"community","The Wellcome Trust",2006,66,13758000,4050872,208454.545454545
"community","The Wellcome Trust",2007,64,31271641,5063037,488619.390625
"community","The Wellcome Trust",2008,91,45988629,1e+07,505369.549450549
"community","The Wellcome Trust",2009,60,17454625,5701081,290910.416666667
"community","The Wellcome Trust",2010,77,34379216,3878703,446483.324675325
"community","The Wellcome Trust",2011,68,25596552,5598396,376419.882352941
"community","The Wellcome Trust",2012,74,66383444,13526338,897073.567567568
"community","The Wellcome Trust",2013,76,25303288,3250206,332938
"community","The Wellcome Trust",2014,105,42025324,3816779,400241.180952381
"community","The Wellcome Trust",2015,84,20470019,3711390,243690.702380952
"community","The Wellcome Trust",2016,105,47699393,9793833,454279.933333333
"community","The Wellcome Trust",2017,60,54656637,25084066,910943.95
"disabled","Comic Relief",2015,2,635852,530989,317926
"disabled","Comic Relief",2016,1,174989,174989,174989
"disabled","Esmée Fairbairn Foundation",2008,4,138425,60000,34606.25
"disabled","Esmée Fairbairn Foundation",2009,4,183072,1e+05,45768
"disabled","Esmée Fairbairn Foundation",2010,1,36000,36000,36000
"disabled","Esmée Fairbairn Foundation",2011,6,420961,135000,70160.1666666667
"disabled","Esmée Fairbairn Foundation",2012,9,365799.41,76199.41,40644.3788888889
"disabled","Esmée Fairbairn Foundation",2013,5,532798,154728,106559.6
"disabled","Esmée Fairbairn Foundation",2014,2,112116,82116,56058
"disabled","Esmée Fairbairn Foundation",2015,6,749752,3e+05,124958.666666667
"disabled","Esmée Fairbairn Foundation",2016,1,3e+05,3e+05,3e+05
"disabled","Esmée Fairbairn Foundation",2017,3,250000,150000,83333.3333333333
"disabled","Northern Rock Foundation",2004,11,612800,150000,55709.0909090909
"disabled","Northern Rock Foundation",2005,8,509197,126409,63649.625
"disabled","Northern Rock Foundation",2006,6,403406,112404,67234.3333333333
"disabled","Northern Rock Foundation",2007,4,307215,175204,76803.75
"disabled","Northern Rock Foundation",2008,2,72780,55390,36390
"disabled","Northern Rock Foundation",2009,3,107059,49180,35686.3333333333
"disabled","Northern Rock Foundation",2010,1,127068,127068,127068
"disabled","Northern Rock Foundation",2011,2,82071,62500,41035.5
"disabled","Northern Rock Foundation",2012,2,69063,39000,34531.5
"disabled","others",2004,5,8750,3000,1750
"disabled","others",2005,9,19172,5000,2130.22222222222
"disabled","others",2006,7,45250,35000,6464.28571428571
"disabled","others",2007,14,113650,40000,8117.85714285714
"disabled","others",2008,7,9476,2476,1353.71428571429
"disabled","others",2009,4,6500,2500,1625
"disabled","others",2010,16,82118,22000,5132.375
"disabled","others",2011,11,43507,30000,3955.18181818182
"disabled","others",2012,35,695030,90000,19858
"disabled","others",2013,116,5331785,1120000,45963.6637931034
"disabled","others",2014,145,5700139.33,121965,39311.3057241379
"disabled","others",2015,224,6156216,147000,27483.1071428571
"disabled","others",2016,193,2641745.11,115200,13687.7984974093
"disabled","others",2017,446,3186302.71,135000,7144.17647982063
"disabled","Paul Hamlyn Foundation",2007,1,9370,9370,9370
"disabled","Paul Hamlyn Foundation",2008,3,243161,176961,81053.6666666667
"disabled","Paul Hamlyn Foundation",2011,4,341740,173930,85435
"disabled","Paul Hamlyn Foundation",2013,1,90000,90000,90000
"disabled","Paul Hamlyn Foundation",2014,2,147450,77000,73725
"disabled","Paul Hamlyn Foundation",2015,1,60000,60000,60000
"disabled","Paul Hamlyn Foundation",2016,1,55000,55000,55000
"disabled","Sport England",2009,2,73882,65332,36941
"disabled","Sport England",2010,4,12285,4080,3071.25
"disabled","Sport England",2011,4,38709,16709,9677.25
"disabled","Sport England",2012,8,195490,58283,24436.25
"disabled","Sport England",2013,13,629845,234000,48449.6153846154
"disabled","Sport England",2014,21,986843,191886,46992.5238095238
"disabled","Sport England",2015,11,374348,75000,34031.6363636364
"disabled","Sport England",2016,5,58882,30000,11776.4
"disabled","Sport England",2017,9,78275,23000,8697.22222222222
"disabled","The Big Lottery Fund",2004,676,29978137,4083755,44346.3565088757
"disabled","The Big Lottery Fund",2005,885,31761663,1604851,35888.8847457627
"disabled","The Big Lottery Fund",2006,834,17885375,737410,21445.293764988
"disabled","The Big Lottery Fund",2007,548,51245118.5,16103959.5,93512.9899635037
"disabled","The Big Lottery Fund",2008,414,20556946,2893086,49654.4589371981
"disabled","The Big Lottery Fund",2009,413,21403084,1153862,51823.4479418886
"disabled","The Big Lottery Fund",2010,338,9084544.65,467337,26877.351035503
"disabled","The Big Lottery Fund",2011,292,15103862,918490,51725.5547945205
"disabled","The Big Lottery Fund",2012,294,18507656.98,2120103,62951.2142176871
"disabled","The Big Lottery Fund",2013,312,21577865.36,956137,69159.8248717949
"disabled","The Big Lottery Fund",2014,81,3441603.77,454343,42488.9354320988
"disabled","The Big Lottery Fund",2015,141,9706575,1134512,68840.9574468085
"disabled","The Big Lottery Fund",2016,229,14698400,778100,64185.1528384279
"disabled","The Big Lottery Fund",2017,148,7406238,1380025,50042.1486486486
"disabled","The Wellcome Trust",2006,2,190211,188616,95105.5
"disabled","The Wellcome Trust",2008,7,506500,264470,72357.1428571429
"disabled","The Wellcome Trust",2009,3,58143,26227,19381
"disabled","The Wellcome Trust",2010,1,19650,19650,19650
"disabled","The Wellcome Trust",2011,3,1020495,972501,340165
"disabled","The Wellcome Trust",2012,2,90960,83084,45480
"disabled","The Wellcome Trust",2013,3,108526,93685,36175.3333333333
"disabled","The Wellcome Trust",2014,5,1374280,1052940,274856
"disabled","The Wellcome Trust",2015,5,175930,81095,35186
"disabled","The Wellcome Trust",2016,11,795738,256000,72339.8181818182
"disabled","The Wellcome Trust",2017,3,65709,49996,21903
"elderly","Comic Relief",2016,1,40000,40000,40000
"elderly","Esmée Fairbairn Foundation",2009,2,166940,146940,83470
"elderly","Esmée Fairbairn Foundation",2011,1,30000,30000,30000
"elderly","Esmée Fairbairn Foundation",2012,2,217281,195281,108640.5
"elderly","Northern Rock Foundation",2004,2,34780,19780,17390
"elderly","Northern Rock Foundation",2005,2,125000,80000,62500
"elderly","Northern Rock Foundation",2006,1,99002,99002,99002
"elderly","Northern Rock Foundation",2007,1,64423,64423,64423
"elderly","Northern Rock Foundation",2009,1,7600,7600,7600
"elderly","Northern Rock Foundation",2010,1,78951,78951,78951
"elderly","others",2004,2,3474,2474,1737
"elderly","others",2005,2,21000,20000,10500
"elderly","others",2006,2,8500,6000,4250
"elderly","others",2007,2,4000,2000,2000
"elderly","others",2008,5,16000,7000,3200
"elderly","others",2009,11,66938,25000,6085.27272727273
"elderly","others",2010,13,96476,22000,7421.23076923077
"elderly","others",2011,4,98482,50000,24620.5
"elderly","others",2012,7,243564,146400,34794.8571428571
"elderly","others",2013,14,286984.37,55700,20498.8835714286
"elderly","others",2014,24,405486.58,81300,16895.2741666667
"elderly","others",2015,33,445863.7,50000,13511.0212121212
"elderly","others",2016,74,647351.92,75800,8747.99891891892
"elderly","others",2017,269,1007152.25,75000,3744.06040892193
"elderly","Paul Hamlyn Foundation",2012,1,104900,104900,104900
"elderly","Sport England",2010,1,2345,2345,2345
"elderly","The Big Lottery Fund",2004,240,5545205,1241250,23105.0208333333
"elderly","The Big Lottery Fund",2005,298,5535789,250000,18576.4731543624
"elderly","The Big Lottery Fund",2006,247,2947206,403856,11932.008097166
"elderly","The Big Lottery Fund",2007,112,21311273.5,16103959.5,190279.227678571
"elderly","The Big Lottery Fund",2008,115,6038304,495000,52506.9913043478
"elderly","The Big Lottery Fund",2009,78,2548443,587719,32672.3461538462
"elderly","The Big Lottery Fund",2010,69,5416203,5e+06,78495.6956521739
"elderly","The Big Lottery Fund",2011,52,799599,316323,15376.9038461538
"elderly","The Big Lottery Fund",2012,46,2134539,688316,46403.0217391304
"elderly","The Big Lottery Fund",2013,107,2278710.24,780782,21296.3573831776
"elderly","The Big Lottery Fund",2014,17,115758,10000,6809.29411764706
"elderly","The Big Lottery Fund",2015,61,2212778,540321,36275.0491803279
"elderly","The Big Lottery Fund",2016,56,1303428,361556,23275.5
"elderly","The Big Lottery Fund",2017,39,2457927,499281,63023.7692307692
"elderly","The Wellcome Trust",2005,4,2998411,2212577,749602.75
"elderly","The Wellcome Trust",2006,4,800509,340893,200127.25
"elderly","The Wellcome Trust",2007,4,947322,610728,236830.5
"elderly","The Wellcome Trust",2008,8,1675957,629434,209494.625
"elderly","The Wellcome Trust",2009,8,1481506,775035,185188.25
"elderly","The Wellcome Trust",2010,3,801422,452820,267140.666666667
"elderly","The Wellcome Trust",2011,3,193520,158205,64506.6666666667
"elderly","The Wellcome Trust",2012,10,4725654,1534080,472565.4
"elderly","The Wellcome Trust",2013,1,160280,160280,160280
"elderly","The Wellcome Trust",2014,9,4831874,2500481,536874.888888889
"elderly","The Wellcome Trust",2015,11,6371493,2772791,579226.636363636
"elderly","The Wellcome Trust",2016,7,6624295,3471673,946327.857142857
"elderly","The Wellcome Trust",2017,10,580332,250000,58033.2
"equipment","Esmée Fairbairn Foundation",2008,1,66662,66662,66662
"equipment","Esmée Fairbairn Foundation",2012,3,435466,236718,145155.333333333
"equipment","Esmée Fairbairn Foundation",2014,2,619500,319500,309750
"equipment","Esmée Fairbairn Foundation",2015,3,195556,110556,65185.3333333333
"equipment","Esmée Fairbairn Foundation",2017,1,45000,45000,45000
"equipment","Gatsby Charitable Foundation",2007,1,79823428.48,79823428.48,79823428.48
"equipment","Gatsby Charitable Foundation",2011,1,2.5e+07,2.5e+07,2.5e+07
"equipment","Gatsby Charitable Foundation",2013,1,18750000,18750000,18750000
"equipment","Northern Rock Foundation",2004,5,46444,13084,9288.8
"equipment","Northern Rock Foundation",2005,1,5000,5000,5000
"equipment","Northern Rock Foundation",2006,5,189548,1e+05,37909.6
"equipment","Northern Rock Foundation",2007,1,10612,10612,10612
"equipment","Northern Rock Foundation",2008,1,17511,17511,17511
"equipment","Northern Rock Foundation",2009,1,36525,36525,36525
"equipment","others",2004,6,205425,190659,34237.5
"equipment","others",2005,9,16000,2500,1777.77777777778
"equipment","others",2006,16,76000,35000,4750
"equipment","others",2007,21,121900,40000,5804.7619047619
"equipment","others",2008,11,24250,4000,2204.54545454545
"equipment","others",2009,7,65000,28600,9285.71428571429
"equipment","others",2010,29,339700,41400,11713.7931034483
"equipment","others",2011,16,954000,625000,59625
"equipment","others",2012,15,254640,58000,16976
"equipment","others",2013,37,1108561.7,598140,29961.127027027
"equipment","others",2014,75,2389288.7,2e+05,31857.1826666667
"equipment","others",2015,133,5633012.27,1250000,42353.4757142857
"equipment","others",2016,320,3051954.57,105378,9537.35803125
"equipment","others",2017,1376,4526099.28,120220,3289.3163372093
"equipment","Paul Hamlyn Foundation",2006,3,123327,69452,41109
"equipment","Paul Hamlyn Foundation",2007,1,91592,91592,91592
"equipment","Paul Hamlyn Foundation",2010,2,222000,179000,111000
"equipment","Paul Hamlyn Foundation",2012,2,87801,57801,43900.5
"equipment","Paul Hamlyn Foundation",2013,1,2e+05,2e+05,2e+05
"equipment","Paul Hamlyn Foundation",2016,5,404169,125000,80833.8
"equipment","Sport England",2006,2,51477,26977,25738.5
"equipment","Sport England",2008,3,1642882,1499884,547627.333333333
"equipment","Sport England",2009,40,391522,150000,9788.05
"equipment","Sport England",2010,69,626635,125000,9081.66666666667
"equipment","Sport England",2011,49,406062,34372,8286.97959183673
"equipment","Sport England",2012,74,1879719,830352,25401.6081081081
"equipment","Sport England",2013,98,1751503,501545,17872.4795918367
"equipment","Sport England",2014,194,2250345,350764,11599.7164948454
"equipment","Sport England",2015,52,1179129,361660,22675.5576923077
"equipment","Sport England",2016,44,652113,97385,14820.75
"equipment","Sport England",2017,45,2468085,500017,54846.3333333333
"equipment","The Big Lottery Fund",2004,2289,29452604,1067880,12867.0179117519
"equipment","The Big Lottery Fund",2005,2908,26393831,566091,9076.28301237964
"equipment","The Big Lottery Fund",2006,3081,26369229,955044,8558.65920155794
"equipment","The Big Lottery Fund",2007,2153,46576497,1496000,21633.3009753832
"equipment","The Big Lottery Fund",2008,2093,27797690,570633,13281.2661251792
"equipment","The Big Lottery Fund",2009,1692,31819568,1200000,18805.8912529551
"equipment","The Big Lottery Fund",2010,1596,17860037,999199,11190.4993734336
"equipment","The Big Lottery Fund",2011,1683,32012912.65,1070978,19021.3384729649
"equipment","The Big Lottery Fund",2012,1823,40561577.43,1070832,22249.905337356
"equipment","The Big Lottery Fund",2013,1552,47364023.61,8793075,30518.0564497423
"equipment","The Big Lottery Fund",2014,496,7639447.48,446887,15402.1118548387
"equipment","The Big Lottery Fund",2015,992,11569198,478657,11662.497983871
"equipment","The Big Lottery Fund",2016,1465,17179705,749960,11726.7610921502
"equipment","The Big Lottery Fund",2017,1128,16084792,769369,14259.5673758865
"equipment","The Wellcome Trust",2005,4,685096,249650,171274
"equipment","The Wellcome Trust",2006,28,27149741,6200000,969633.607142857
"equipment","The Wellcome Trust",2007,20,14832466,4968596,741623.3
"equipment","The Wellcome Trust",2008,29,42332372,1e+07,1459736.96551724
"equipment","The Wellcome Trust",2009,21,9055107,1930604,431195.571428571
"equipment","The Wellcome Trust",2010,15,26825670,1.1e+07,1788378
"equipment","The Wellcome Trust",2011,27,9863189,1500000,365303.296296296
"equipment","The Wellcome Trust",2012,25,34869927,7800000,1394797.08
"equipment","The Wellcome Trust",2013,28,14804010,1921739,528714.642857143
"equipment","The Wellcome Trust",2014,31,19196875,4923467,619254.032258064
"equipment","The Wellcome Trust",2015,20,7976387,1466666,398819.35
"equipment","The Wellcome Trust",2016,34,26321148,5416590,774151.411764706
"equipment","The Wellcome Trust",2017,20,7397691,1487450,369884.55
"individual","Esmée Fairbairn Foundation",2008,1,10000,10000,10000
"individual","Esmée Fairbairn Foundation",2009,2,143172,109372,71586
"individual","Esmée Fairbairn Foundation",2011,2,165336,98831,82668
"individual","Esmée Fairbairn Foundation",2013,1,14500,14500,14500
"individual","Esmée Fairbairn Foundation",2016,2,187645,150000,93822.5
"individual","Ministry of Justice",2012,5,1450000,539130,290000
"individual","Northern Rock Foundation",2004,1,282,282,282
"individual","Northern Rock Foundation",2007,1,33000,33000,33000
"individual","Northern Rock Foundation",2008,1,18851,18851,18851
"individual","Northern Rock Foundation",2009,2,116015,96015,58007.5
"individual","Northern Rock Foundation",2010,2,92277,75000,46138.5
"individual","Northern Rock Foundation",2012,1,11780,11780,11780
"individual","others",2007,1,11250,11250,11250
"individual","others",2009,2,313678,298678,156839
"individual","others",2011,1,59220,59220,59220
"individual","others",2012,3,212800,155800,70933.3333333333
"individual","others",2013,25,6372975,5391284,254919
"individual","others",2014,24,1217835.4,116772,50743.1416666667
"individual","others",2015,33,904614.44,104458,27412.5587878788
"individual","others",2016,104,419194.22,50000,4030.71365384615
"individual","others",2017,107,1178740.06,1e+05,11016.2622429907
"individual","Paul Hamlyn Foundation",2007,2,124959,75000,62479.5
"individual","Paul Hamlyn Foundation",2010,2,214000,198000,107000
"individual","Paul Hamlyn Foundation",2012,2,149500,120000,74750
"individual","Paul Hamlyn Foundation",2014,1,42238,42238,42238
"individual","Paul Hamlyn Foundation",2015,4,283500,120000,70875
"individual","Paul Hamlyn Foundation",2016,2,230000,210000,115000
"individual","Sport England",2010,1,9750,9750,9750
"individual","Sport England",2011,1,4630,4630,4630
"individual","Sport England",2015,1,10000,10000,10000
"individual","The Big Lottery Fund",2004,83,8719700,1299657,105056.626506024
"individual","The Big Lottery Fund",2005,130,7789167,1551303,59916.6692307692
"individual","The Big Lottery Fund",2006,126,13350504,4486172,105956.380952381
"individual","The Big Lottery Fund",2007,89,24762836,8193136,278234.112359551
"individual","The Big Lottery Fund",2008,65,9543565,1092715,146824.076923077
"individual","The Big Lottery Fund",2009,66,9024139,509950,136729.378787879
"individual","The Big Lottery Fund",2010,62,10874305.65,1119053,175392.026612903
"individual","The Big Lottery Fund",2011,66,14285002.59,990615,216439.433181818
"individual","The Big Lottery Fund",2012,67,15388648,1452501,229681.313432836
"individual","The Big Lottery Fund",2013,68,32042156.2,9994537,471208.179411765
"individual","The Big Lottery Fund",2014,19,2797420,1076901,147232.631578947
"individual","The Big Lottery Fund",2015,53,13354347,7e+05,251968.811320755
"individual","The Big Lottery Fund",2016,80,20539279,2780681,256740.9875
"individual","The Big Lottery Fund",2017,48,14160545,1458464,295011.354166667
"individual","The Wellcome Trust",2005,13,1964611,327750,151123.923076923
"individual","The Wellcome Trust",2006,61,18620033,2998125,305246.442622951
"individual","The Wellcome Trust",2007,67,37605432,16825384,561275.104477612
"individual","The Wellcome Trust",2008,72,35814642,8719052,497425.583333333
"individual","The Wellcome Trust",2009,59,17823239,5334734,302088.79661017
"individual","The Wellcome Trust",2010,66,26208329,3220117,397095.893939394
"individual","The Wellcome Trust",2011,54,20387771,2570516,377551.314814815
"individual","The Wellcome Trust",2012,64,56304166,13526338,879752.59375
"individual","The Wellcome Trust",2013,61,22166020,3437573,363377.37704918
"individual","The Wellcome Trust",2014,67,34206629,4923467,510546.701492537
"individual","The Wellcome Trust",2015,68,39029478,4679473,573962.911764706
"individual","The Wellcome Trust",2016,71,58965618,15178415,830501.661971831
"individual","The Wellcome Trust",2017,59,29140502,2789657,493906.813559322
"mental","Comic Relief",2015,7,788284,180000,112612
"mental","Comic Relief",2016,5,472128,119975,94425.6
"mental","Comic Relief",2017,2,342924,292924,171462
"mental","Esmée Fairbairn Foundation",2008,3,2e+05,150000,66666.6666666667
"mental","Esmée Fairbairn Foundation",2009,3,249340,146940,83113.3333333333
"mental","Esmée Fairbairn Foundation",2010,4,286733,139626,71683.25
"mental","Esmée Fairbairn Foundation",2011,10,639847,166317,63984.7
"mental","Esmée Fairbairn Foundation",2012,6,284684,1e+05,47447.3333333333
"mental","Esmée Fairbairn Foundation",2013,10,609164,134802,60916.4
"mental","Esmée Fairbairn Foundation",2014,4,279874,120000,69968.5
"mental","Esmée Fairbairn Foundation",2015,9,1047618,375000,116402
"mental","Gatsby Charitable Foundation",2015,1,220000,220000,220000
"mental","Northern Rock Foundation",2004,9,433271,96000,48141.2222222222
"mental","Northern Rock Foundation",2005,12,966526,3e+05,80543.8333333333
"mental","Northern Rock Foundation",2006,13,1028368,2e+05,79105.2307692308
"mental","Northern Rock Foundation",2007,10,838783,219366,83878.3
"mental","Northern Rock Foundation",2008,13,858986,107173,66075.8461538462
"mental","Northern Rock Foundation",2009,13,688671,131927,52974.6923076923
"mental","Northern Rock Foundation",2010,7,503539,100601,71934.1428571429
"mental","Northern Rock Foundation",2011,18,780632,107533,43368.4444444444
"mental","Northern Rock Foundation",2012,10,601423,120898,60142.3
"mental","Northern Rock Foundation",2013,8,494628,98190,61828.5
"mental","Northern Rock Foundation",2014,4,208324,78433,52081
"mental","others",2004,1,500,500,500
"mental","others",2005,1,2500,2500,2500
"mental","others",2006,1,2500,2500,2500
"mental","others",2007,2,5500,3000,2750
"mental","others",2008,1,2000,2000,2000
"mental","others",2009,1,1000,1000,1000
"mental","others",2010,17,2431874,421500,143051.411764706
"mental","others",2011,17,352125,50000,20713.2352941176
"mental","others",2012,52,2487840,240000,47843.0769230769
"mental","others",2013,133,10035062,2922688,75451.5939849624
"mental","others",2014,181,7104356.13,177882,39250.5863535912
"mental","others",2015,262,10747005.7,281514.6,41019.1057251908
"mental","others",2016,256,7555825.29,1245343,29514.9425390625
"mental","others",2017,338,15523185.9,5700952,45926.5855029586
"mental","Paul Hamlyn Foundation",2007,2,169180,144180,84590
"mental","Paul Hamlyn Foundation",2008,3,191668,75000,63889.3333333333
"mental","Paul Hamlyn Foundation",2009,1,64902,64902,64902
"mental","Paul Hamlyn Foundation",2010,2,275249,140249,137624.5
"mental","Paul Hamlyn Foundation",2012,1,75000,75000,75000
"mental","Paul Hamlyn Foundation",2013,1,4898,4898,4898
"mental","Paul Hamlyn Foundation",2015,9,568499,153254,63166.5555555556
"mental","Paul Hamlyn Foundation",2016,5,275194,97894,55038.8
"mental","Sport England",2013,1,3200,3200,3200
"mental","Sport England",2015,1,221180,221180,221180
"mental","Sport England",2017,1,6390,6390,6390
"mental","The Big Lottery Fund",2004,224,10517827,528738,46954.5848214286
"mental","The Big Lottery Fund",2005,394,23686004,1215099,60116.7614213198
"mental","The Big Lottery Fund",2006,480,25661919,1259094,53462.33125
"mental","The Big Lottery Fund",2007,303,174433911,25023084,575689.475247525
"mental","The Big Lottery Fund",2008,280,49161221,10881926,175575.789285714
"mental","The Big Lottery Fund",2009,304,37440297,1200000,123158.871710526
"mental","The Big Lottery Fund",2010,343,23464447,640321,68409.4664723032
"mental","The Big Lottery Fund",2011,424,81994376.9,34808423,193382.964386792
"mental","The Big Lottery Fund",2012,446,45060606.93,1487850,101032.750964126
"mental","The Big Lottery Fund",2013,507,52838135.89,3187605,104217.230552268
"mental","The Big Lottery Fund",2014,108,9073683.82,636885,84015.5909259259
"mental","The Big Lottery Fund",2015,553,54000628,3075493,97650.321880651
"mental","The Big Lottery Fund",2016,873,93519233,2500000,107123.978235968
"mental","The Big Lottery Fund",2017,719,52614130,1217113,73176.8150208623
"mental","The Wellcome Trust",2005,1,570959,570959,570959
"mental","The Wellcome Trust",2006,32,7043724,2354473,220116.375
"mental","The Wellcome Trust",2007,26,2780553,740092,106944.346153846
"mental","The Wellcome Trust",2008,27,9600023,2871500,355556.407407407
"mental","The Wellcome Trust",2009,24,5846450,2623989,243602.083333333
"mental","The Wellcome Trust",2010,44,10591481,1504647,240715.477272727
"mental","The Wellcome Trust",2011,27,10616397,5386687,393199.888888889
"mental","The Wellcome Trust",2012,25,10624916,5234843,424996.64
"mental","The Wellcome Trust",2013,36,6003645,1295649,166767.916666667
"mental","The Wellcome Trust",2014,40,9449523,1967414,236238.075
"mental","The Wellcome Trust",2015,56,21560357,4366023,385006.375
"mental","The Wellcome Trust",2016,64,24580388,7520000,384068.5625
"mental","The Wellcome Trust",2017,38,3910382,844232,102904.789473684
"study","ARCADIA",2004,1,1356375,1356375,1356375
"study","ARCADIA",2008,2,1771442.295,1627629.795,885721.1475
"study","ARCADIA",2009,2,1927882.3125,1332853.8375,963941.15625
"study","ARCADIA",2017,1,937500,937500,937500
"study","Comic Relief",2015,24,6055973,923644,252332.208333333
"study","Comic Relief",2016,16,7906835,1200000,494177.1875
"study","Comic Relief",2017,1,5e+05,5e+05,5e+05
"study","Esmée Fairbairn Foundation",2008,21,1094240,141594,52106.6666666667
"study","Esmée Fairbairn Foundation",2009,36,2162318,3e+05,60064.3888888889
"study","Esmée Fairbairn Foundation",2010,23,1592376.47,421201.47,69233.7595652174
"study","Esmée Fairbairn Foundation",2011,42,2880032.82,208047,68572.21
"study","Esmée Fairbairn Foundation",2012,60,5597090,692055,93284.8333333333
"study","Esmée Fairbairn Foundation",2013,47,3799399,554104,80838.2765957447
"study","Esmée Fairbairn Foundation",2014,36,4761200,750000,132255.555555556
"study","Esmée Fairbairn Foundation",2015,43,3177997,405000,73906.9069767442
"study","Esmée Fairbairn Foundation",2016,25,2969862,462491,118794.48
"study","Esmée Fairbairn Foundation",2017,21,2654557,3e+05,126407.476190476
"study","Gatsby Charitable Foundation",2004,1,750000,750000,750000
"study","Gatsby Charitable Foundation",2005,2,312500,172500,156250
"study","Gatsby Charitable Foundation",2006,5,1675456.65,705377,335091.33
"study","Gatsby Charitable Foundation",2007,7,4025896.37,2791500,575128.052857143
"study","Gatsby Charitable Foundation",2008,2,95000,75000,47500
"study","Gatsby Charitable Foundation",2009,4,1592933.12,798472,398233.28
"study","Gatsby Charitable Foundation",2010,4,1128091.91,750000,282022.9775
"study","Gatsby Charitable Foundation",2011,4,1945500,990000,486375
"study","Gatsby Charitable Foundation",2012,3,336247.72,220000,112082.573333333
"study","Gatsby Charitable Foundation",2013,6,3248688.36,1500000,541448.06
"study","Gatsby Charitable Foundation",2014,1,78000,78000,78000
"study","Gatsby Charitable Foundation",2015,3,1649783.55,9e+05,549927.85
"study","Gatsby Charitable Foundation",2016,1,1500000,1500000,1500000
"study","Gatsby Charitable Foundation",2017,4,1497000,8e+05,374250
"study","Ministry of Justice",2012,1,34569,34569,34569
"study","Northern Rock Foundation",2004,26,1160985,250000,44653.2692307692
"study","Northern Rock Foundation",2005,18,1567149,4e+05,87063.8333333333
"study","Northern Rock Foundation",2006,16,860861,3e+05,53803.8125
"study","Northern Rock Foundation",2007,12,641431,125626,53452.5833333333
"study","Northern Rock Foundation",2008,14,792734,132051,56623.8571428571
"study","Northern Rock Foundation",2009,14,772474,123817,55176.7142857143
"study","Northern Rock Foundation",2010,16,1006791,150000,62924.4375
"study","Northern Rock Foundation",2011,19,778296,81545,40962.9473684211
"study","Northern Rock Foundation",2012,13,546597,114236,42045.9230769231
"study","Northern Rock Foundation",2013,11,532499,150000,48409
"study","Northern Rock Foundation",2014,7,263292,114050,37613.1428571429
"study","others",2004,16,171366,66500,10710.375
"study","others",2005,17,328697,239947,19335.1176470588
"study","others",2006,16,77150,25000,4821.875
"study","others",2007,26,235470,25000,9056.53846153846
"study","others",2008,14,79080,20000,5648.57142857143
"study","others",2009,18,146972,40000,8165.11111111111
"study","others",2010,46,1090738,421500,23711.6956521739
"study","others",2011,35,2404900,937500,68711.4285714286
"study","others",2012,120,3390372,294000,28253.1
"study","others",2013,303,12320718.65,1506836,40662.4377887789
"study","others",2014,405,17278350.83,265504,42662.5946419753
"study","others",2015,644,21470308.58,5e+05,33338.9884782609
"study","others",2016,534,23263957.41,1e+07,43565.4633146067
"study","others",2017,1341,17768064.76,4033352,13249.8618642804
"study","Paul Hamlyn Foundation",2006,30,10923269.83,1e+07,364108.994333333
"study","Paul Hamlyn Foundation",2007,44,3112411.5,213825,70736.625
"study","Paul Hamlyn Foundation",2008,33,2870566.58,478877.58,86986.8660606061
"study","Paul Hamlyn Foundation",2009,38,2211098,164700,58186.7894736842
"study","Paul Hamlyn Foundation",2010,33,1497799,222647,45387.8484848485
"study","Paul Hamlyn Foundation",2011,35,2444519,2e+05,69843.4
"study","Paul Hamlyn Foundation",2012,29,1909925,212000,65859.4827586207
"study","Paul Hamlyn Foundation",2013,24,3058049,750000,127418.708333333
"study","Paul Hamlyn Foundation",2014,22,2047298,297866,93059
"study","Paul Hamlyn Foundation",2015,36,2526185.85,311260,70171.8291666667
"study","Paul Hamlyn Foundation",2016,39,6472396,2e+06,165958.871794872
"study","Sport England",2009,14,2596430,750000,185459.285714286
"study","Sport England",2010,11,1119705,1e+06,101791.363636364
"study","Sport England",2011,10,600082,4e+05,60008.2
"study","Sport England",2012,18,153109,39000,8506.05555555555
"study","Sport England",2013,54,4202428,1500000,77822.7407407407
"study","Sport England",2014,71,4112191,243750,57918.1830985916
"study","Sport England",2015,29,1663415,136800,57359.1379310345
"study","Sport England",2016,17,2781431,1500000,163613.588235294
"study","Sport England",2017,20,9317710,2e+06,465885.5
"study","The Big Lottery Fund",2004,2078,78919198,6399248,37978.4398460058
"study","The Big Lottery Fund",2005,3022,83055774,2237187,27483.7107875579
"study","The Big Lottery Fund",2006,3371,122988581,21534384,36484.3016908929
"study","The Big Lottery Fund",2007,2385,199760051,19759398,83756.8348008386
"study","The Big Lottery Fund",2008,2142,96695818.57,5053428,45142.7724416433
"study","The Big Lottery Fund",2009,1914,111013957.48,1200000,58001.0227168234
"study","The Big Lottery Fund",2010,2016,77234202.51,5e+06,38310.6163244048
"study","The Big Lottery Fund",2011,2134,111557657.2,2084480,52276.3154639175
"study","The Big Lottery Fund",2012,1787,112537211.86,7e+06,62975.4962842753
"study","The Big Lottery Fund",2013,1800,81520505.59,1999803,45289.1697722222
"study","The Big Lottery Fund",2014,525,25488661.31,6999967,48549.8310666667
"study","The Big Lottery Fund",2015,1327,73367572,1307282,55288.298417483
"study","The Big Lottery Fund",2016,1809,143278833,5000350,79203.3349917081
"study","The Big Lottery Fund",2017,1293,81581929,3466000,63095.0726991493
"study","The Wellcome Trust",2005,76,25559970,2581863,336315.394736842
"study","The Wellcome Trust",2006,342,95957030,6200000,280576.111111111
"study","The Wellcome Trust",2007,331,119585592,4968596,361285.776435045
"study","The Wellcome Trust",2008,383,145770287,1e+07,380601.27154047
"study","The Wellcome Trust",2009,329,130413986,13500000,396395.094224924
"study","The Wellcome Trust",2010,322,143393490,32168257,445321.397515528
"study","The Wellcome Trust",2011,293,93393037,4248637,318747.566552901
"study","The Wellcome Trust",2012,265,138863888,7800000,524014.671698113
"study","The Wellcome Trust",2013,258,85160682,3951834,330080.162790698
"study","The Wellcome Trust",2014,342,93814989,4194451,274312.833333333
"study","The Wellcome Trust",2015,349,153118448,16433919,438734.808022923
"study","The Wellcome Trust",2016,425,188930486,13247091,444542.32
"study","The Wellcome Trust",2017,293,112774090,25084066,384894.505119454
"training","ARCADIA",2006,1,66862.5,66862.5,66862.5
"training","ARCADIA",2007,1,76170,76170,76170
"training","ARCADIA",2014,1,337500,337500,337500
"training","Comic Relief",2015,6,2307660,1480197,384610
"training","Comic Relief",2016,3,196467,125655,65489
"training","Comic Relief",2017,1,39700,39700,39700
"training","Esmée Fairbairn Foundation",2008,10,551606.5,118309,55160.65
"training","Esmée Fairbairn Foundation",2009,12,813967,105000,67830.5833333333
"training","Esmée Fairbairn Foundation",2010,16,995939,210000,62246.1875
"training","Esmée Fairbairn Foundation",2011,14,1416615,325000,101186.785714286
"training","Esmée Fairbairn Foundation",2012,18,1354098,180000,75227.6666666667
"training","Esmée Fairbairn Foundation",2013,11,1052500,3e+05,95681.8181818182
"training","Esmée Fairbairn Foundation",2014,6,499468,120000,83244.6666666667
"training","Esmée Fairbairn Foundation",2015,15,1495429,405000,99695.2666666667
"training","Esmée Fairbairn Foundation",2016,13,1414998,250000,108846
"training","Esmée Fairbairn Foundation",2017,8,676970,150000,84621.25
"training","Gatsby Charitable Foundation",2006,1,750000,750000,750000
"training","Gatsby Charitable Foundation",2007,1,1300000,1300000,1300000
"training","Gatsby Charitable Foundation",2009,1,35238.31,35238.31,35238.31
"training","Gatsby Charitable Foundation",2010,1,106900.34,106900.34,106900.34
"training","Gatsby Charitable Foundation",2011,2,1367104,750000,683552
"training","Gatsby Charitable Foundation",2013,2,859687.4,750000,429843.7
"training","Gatsby Charitable Foundation",2014,2,2525410,1812160,1262705
"training","Gatsby Charitable Foundation",2015,1,220000,220000,220000
"training","Gatsby Charitable Foundation",2016,2,1885927,1083427,942963.5
"training","Gatsby Charitable Foundation",2017,1,150000,150000,150000
"training","Ministry of Justice",2012,3,177841,70000,59280.3333333333
"training","Northern Rock Foundation",2004,33,1843232,750000,55855.5151515152
"training","Northern Rock Foundation",2005,21,1107982,3e+05,52761.0476190476
"training","Northern Rock Foundation",2006,21,1395248.43,328447,66440.4014285714
"training","Northern Rock Foundation",2007,11,1819973,569849,165452.090909091
"training","Northern Rock Foundation",2008,10,358099,105000,35809.9
"training","Northern Rock Foundation",2009,3,123979,75000,41326.3333333333
"training","Northern Rock Foundation",2010,11,781298,149544,71027.0909090909
"training","Northern Rock Foundation",2011,6,193821,150634,32303.5
"training","Northern Rock Foundation",2012,9,229807,75000,25534.1111111111
"training","Northern Rock Foundation",2013,13,323589,1e+05,24891.4615384615
"training","Northern Rock Foundation",2014,17,286760,150000,16868.2352941176
"training","others",2004,6,63261,30526,10543.5
"training","others",2005,25,382100,90000,15284
"training","others",2006,15,95100,40000,6340
"training","others",2007,29,297136,30000,10246.0689655172
"training","others",2008,11,106330,30000,9666.36363636364
"training","others",2009,30,268796,30000,8959.86666666667
"training","others",2010,177,3615797,50000,20428.2316384181
"training","others",2011,156,5243214.97,916510,33610.3523717949
"training","others",2012,163,4596294,187300,28198.1226993865
"training","others",2013,209,21396120.54,5391284,102373.782488038
"training","others",2014,202,8618744.26,5e+05,42667.0507920792
"training","others",2015,330,11137390.46,1059128,33749.6680606061
"training","others",2016,357,9181314.89,369942,25717.9688795518
"training","others",2017,556,28598096.54,5700952,51435.4254316547
"training","Paul Hamlyn Foundation",2006,5,213019,98494,42603.8
"training","Paul Hamlyn Foundation",2007,9,528726,160000,58747.3333333333
"training","Paul Hamlyn Foundation",2008,8,667938,240000,83492.25
"training","Paul Hamlyn Foundation",2009,8,698134,160000,87266.75
"training","Paul Hamlyn Foundation",2010,10,870092,375000,87009.2
"training","Paul Hamlyn Foundation",2011,10,864155.58,150000,86415.558
"training","Paul Hamlyn Foundation",2012,16,1697250,230735,106078.125
"training","Paul Hamlyn Foundation",2013,10,1528529,750000,152852.9
"training","Paul Hamlyn Foundation",2014,5,829461,297866,165892.2
"training","Paul Hamlyn Foundation",2015,11,807978,2e+05,73452.5454545455
"training","Paul Hamlyn Foundation",2016,18,2196461,350000,122025.611111111
"training","Sport England",2009,22,24493787,14438848,1113353.95454545
"training","Sport England",2010,48,2399616,1e+06,49992
"training","Sport England",2011,42,34840468,3.4e+07,829534.952380952
"training","Sport England",2012,76,1730292,150000,22767
"training","Sport England",2013,66,3221898,1e+06,48816.6363636364
"training","Sport England",2014,38,2668935,5e+05,70235.1315789474
"training","Sport England",2015,48,2600338,706000,54173.7083333333
"training","Sport England",2016,31,3005109,1e+06,96939
"training","Sport England",2017,32,5927597,2e+06,185237.40625
"training","The Big Lottery Fund",2004,1668,77868322,6399248,46683.6462829736
"training","The Big Lottery Fund",2005,2234,90607001,1291253,40558.1920322292
"training","The Big Lottery Fund",2006,2392,73294751,3741565,30641.6183110368
"training","The Big Lottery Fund",2007,1758,176197990.13,19759398,100226.38801479
"training","The Big Lottery Fund",2008,1617,81163297.73,2617921,50193.7524613482
"training","The Big Lottery Fund",2009,1625,109159492.48,1200000,67175.0722953846
"training","The Big Lottery Fund",2010,1548,80386571.22,1038530,51929.3095736434
"training","The Big Lottery Fund",2011,1503,102027501.04,1095621,67882.5688888889
"training","The Big Lottery Fund",2012,1428,120142136.08,7e+06,84133.1485154062
"training","The Big Lottery Fund",2013,1330,102617678.07,9994537,77156.148924812
"training","The Big Lottery Fund",2014,386,21385194.57,1198292,55402.0584715026
"training","The Big Lottery Fund",2015,806,53874726,1151111,66842.0918114144
"training","The Big Lottery Fund",2016,1206,114844933,5000350,95227.9709784411
"training","The Big Lottery Fund",2017,872,59352414,1812221,68064.6949541284
"training","The Wellcome Trust",2005,7,2040705,1014648,291529.285714286
"training","The Wellcome Trust",2006,67,25218395,6956531,376393.955223881
"training","The Wellcome Trust",2007,61,41623000,4968596,682344.262295082
"training","The Wellcome Trust",2008,77,95315312,8018657,1237861.19480519
"training","The Wellcome Trust",2009,44,27469016,10696617,624295.818181818
"training","The Wellcome Trust",2010,40,15418499,3878703,385462.475
"training","The Wellcome Trust",2011,56,20045645,5141952,357957.946428571
"training","The Wellcome Trust",2012,48,47481532,5869875,989198.583333333
"training","The Wellcome Trust",2013,54,40976727,13200000,758828.277777778
"training","The Wellcome Trust",2014,52,32476212,7878934,624542.538461538
"training","The Wellcome Trust",2015,63,19601586,4366023,311136.285714286
"training","The Wellcome Trust",2016,65,135335671,26595243,2082087.24615385
"training","The Wellcome Trust",2017,23,35343047,25084066,1536654.2173913
"travel","ARCADIA",2016,1,383400,383400,383400
"travel","Esmée Fairbairn Foundation",2008,2,229200,180000,114600
"travel","Esmée Fairbairn Foundation",2009,2,24000,20000,12000
"travel","Esmée Fairbairn Foundation",2010,3,177988,75000,59329.3333333333
"travel","Esmée Fairbairn Foundation",2011,3,310306,225000,103435.333333333
"travel","Esmée Fairbairn Foundation",2012,3,243408,198418,81136
"travel","Esmée Fairbairn Foundation",2014,1,117000,117000,117000
"travel","Esmée Fairbairn Foundation",2015,2,184161,144161,92080.5
"travel","Esmée Fairbairn Foundation",2016,2,236132,137657,118066
"travel","Esmée Fairbairn Foundation",2017,1,19835,19835,19835
"travel","Gatsby Charitable Foundation",2016,1,190186,190186,190186
"travel","Northern Rock Foundation",2005,1,55863,55863,55863
"travel","Northern Rock Foundation",2007,1,948,948,948
"travel","Northern Rock Foundation",2008,1,20000,20000,20000
"travel","Northern Rock Foundation",2009,1,136647,136647,136647
"travel","Northern Rock Foundation",2011,3,114729,45000,38243
"travel","Northern Rock Foundation",2012,2,36420,19000,18210
"travel","Northern Rock Foundation",2013,3,19736,14736,6578.66666666667
"travel","Northern Rock Foundation",2014,2,5000,2500,2500
"travel","others",2004,3,8700,4200,2900
"travel","others",2005,4,100250,90000,25062.5
"travel","others",2006,1,1000,1000,1000
"travel","others",2007,3,6000,2500,2000
"travel","others",2008,2,17000,14750,8500
"travel","others",2009,4,16673,4920,4168.25
"travel","others",2010,140,3367883,151400,24056.3071428571
"travel","others",2011,105,3154800,51500,30045.7142857143
"travel","others",2012,100,2171757,52600,21717.57
"travel","others",2013,24,650646.4,108248,27110.2666666667
"travel","others",2014,14,868006,233114,62000.4285714286
"travel","others",2015,31,929575,102659,29986.2903225806
"travel","others",2016,45,958115.4,160000,21291.4533333333
"travel","others",2017,111,2229678.5,1005512,20087.1936936937
"travel","Paul Hamlyn Foundation",2006,2,45000,30000,22500
"travel","Paul Hamlyn Foundation",2007,2,33084,23084,16542
"travel","Paul Hamlyn Foundation",2008,2,37200,26400,18600
"travel","Paul Hamlyn Foundation",2010,2,533300,273300,266650
"travel","Paul Hamlyn Foundation",2015,1,99605,99605,99605
"travel","Paul Hamlyn Foundation",2016,2,45721,25721,22860.5
"travel","The Big Lottery Fund",2004,7591,18556948,499058,2444.59860360954
"travel","The Big Lottery Fund",2005,7533,27650836,1e+06,3670.62737289261
"travel","The Big Lottery Fund",2006,646,12554381,955044,19434.0263157895
"travel","The Big Lottery Fund",2007,447,28068965,8193136,62794.1051454139
"travel","The Big Lottery Fund",2008,352,9727222.62,720000,27634.1551704545
"travel","The Big Lottery Fund",2009,2928,22920075,1200000,7827.89446721311
"travel","The Big Lottery Fund",2010,1512,5166932,404803,3417.28306878307
"travel","The Big Lottery Fund",2011,772,19982823,973632,25884.4857512953
"travel","The Big Lottery Fund",2012,574,26765771.16,1457107,46630.2633449477
"travel","The Big Lottery Fund",2013,820,7846695.33,750000,9569.14064634146
"travel","The Big Lottery Fund",2014,223,1059491.74,282536,4751.08403587444
"travel","The Big Lottery Fund",2015,40,2507830,7e+05,62695.75
"travel","The Big Lottery Fund",2016,123,7445633,780600,60533.6016260163
"travel","The Big Lottery Fund",2017,65,2865407,415242,44083.1846153846
"travel","The Wellcome Trust",2005,1,30000,30000,30000
"travel","The Wellcome Trust",2006,11,1706929,1500500,155175.363636364
"travel","The Wellcome Trust",2007,13,3110384,2046031,239260.307692308
"travel","The Wellcome Trust",2008,10,5318497,5e+06,531849.7
"travel","The Wellcome Trust",2009,8,505190,250000,63148.75
"travel","The Wellcome Trust",2010,10,497181,301932,49718.1
"travel","The Wellcome Trust",2011,7,1711050,750000,244435.714285714
"travel","The Wellcome Trust",2012,12,6696152,4705571,558012.666666667
"travel","The Wellcome Trust",2013,27,6261116,3868069,231893.185185185
"travel","The Wellcome Trust",2014,23,4176044,1500000,181567.130434783
"travel","The Wellcome Trust",2015,18,2358527,1500000,131029.277777778
"travel","The Wellcome Trust",2016,14,3298957,2837189,235639.785714286
"travel","The Wellcome Trust",2017,1,40000,40000,40000
"youth","ARCADIA",2005,1,3750000,3750000,3750000
"youth","ARCADIA",2008,1,1967529.66,1967529.66,1967529.66
"youth","ARCADIA",2012,1,82680.8025,82680.8025,82680.8025
"youth","ARCADIA",2013,1,90000,90000,90000
"youth","Comic Relief",2015,48,11302202,1902025,235462.541666667
"youth","Comic Relief",2016,30,5501317,1875259,183377.233333333
"youth","Comic Relief",2017,6,730275,3e+05,121712.5
"youth","Esmée Fairbairn Foundation",2008,13,712903,150000,54838.6923076923
"youth","Esmée Fairbairn Foundation",2009,25,1826721,3e+05,73068.84
"youth","Esmée Fairbairn Foundation",2010,19,1368554,210000,72029.1578947368
"youth","Esmée Fairbairn Foundation",2011,32,2014985,259000,62968.28125
"youth","Esmée Fairbairn Foundation",2012,51,5173277,350000,101436.803921569
"youth","Esmée Fairbairn Foundation",2013,46,3862117,191256,83959.0652173913
"youth","Esmée Fairbairn Foundation",2014,46,6186454,5e+05,134488.130434783
"youth","Esmée Fairbairn Foundation",2015,39,4158157,5e+05,106619.41025641
"youth","Esmée Fairbairn Foundation",2016,40,4714246,598745,117856.15
"youth","Esmée Fairbairn Foundation",2017,55,6574256,499895,119531.927272727
"youth","Gatsby Charitable Foundation",2004,1,750000,750000,750000
"youth","Gatsby Charitable Foundation",2006,1,869591.75,869591.75,869591.75
"youth","Gatsby Charitable Foundation",2007,1,750000,750000,750000
"youth","Gatsby Charitable Foundation",2010,2,1692166.79,942166.79,846083.395
"youth","Gatsby Charitable Foundation",2011,2,407000,377000,203500
"youth","Gatsby Charitable Foundation",2013,2,2363620.93,1500000,1181810.465
"youth","Gatsby Charitable Foundation",2016,1,1500000,1500000,1500000
"youth","Gatsby Charitable Foundation",2017,1,239501.92,239501.92,239501.92
"youth","Ministry of Justice",2012,237,71212590,1791668,300475.063291139
"youth","Northern Rock Foundation",2004,48,3016839,706220,62850.8125
"youth","Northern Rock Foundation",2005,44,3369486,390000,76579.2272727273
"youth","Northern Rock Foundation",2006,39,2899760,282000,74352.8205128205
"youth","Northern Rock Foundation",2007,26,2690214,292693,103469.769230769
"youth","Northern Rock Foundation",2008,30,2417267,210000,80575.5666666667
"youth","Northern Rock Foundation",2009,31,2484964,123930,80160.1290322581
"youth","Northern Rock Foundation",2010,31,2350595,270000,75825.6451612903
"youth","Northern Rock Foundation",2011,33,1865675,150000,56535.6060606061
"youth","Northern Rock Foundation",2012,29,1393236,150000,48042.6206896552
"youth","Northern Rock Foundation",2013,14,731025,218363,52216.0714285714
"youth","Northern Rock Foundation",2014,8,338689,150000,42336.125
"youth","others",2004,10,43150,20400,4315
"youth","others",2005,45,251610,30000,5591.33333333333
"youth","others",2006,33,145750,25200,4416.66666666667
"youth","others",2007,42,249942,30000,5951
"youth","others",2008,46,186834,31000,4061.60869565217
"youth","others",2009,65,353924,29000,5444.98461538462
"youth","others",2010,122,3196111,435250,26197.631147541
"youth","others",2011,97,2236484,2e+05,23056.5360824742
"youth","others",2012,241,8234100.91,255000,34166.3938174274
"youth","others",2013,620,38639142.13,5391284,62321.196983871
"youth","others",2014,839,46007514.3,324500,54836.131466031
"youth","others",2015,1403,57531112.97,457924,41005.7825873129
"youth","others",2016,1036,28242390.09,1413421,27260.9942953668
"youth","others",2017,1912,32869533.31,5700952,17191.1785094142
"youth","Paul Hamlyn Foundation",2006,41,1300719.41,122006,31724.8636585366
"youth","Paul Hamlyn Foundation",2007,58,3772857.62,295000,65049.2693103448
"youth","Paul Hamlyn Foundation",2008,40,4128155,450000,103203.875
"youth","Paul Hamlyn Foundation",2009,52,5353210,772218,102946.346153846
"youth","Paul Hamlyn Foundation",2010,27,2313837,222647,85697.6666666667
"youth","Paul Hamlyn Foundation",2011,53,5265366,216005,99346.5283018868
"youth","Paul Hamlyn Foundation",2012,49,9570984,5e+06,195326.204081633
"youth","Paul Hamlyn Foundation",2013,38,4185107,750000,110134.394736842
"youth","Paul Hamlyn Foundation",2014,30,3139746.73,297866,104658.224333333
"youth","Paul Hamlyn Foundation",2015,45,2990124,280030,66447.2
"youth","Paul Hamlyn Foundation",2016,55,4367453,330000,79408.2363636364
"youth","Sport England",2009,25,1232760,999500,49310.4
"youth","Sport England",2010,34,248845,32866,7318.97058823529
"youth","Sport England",2011,44,291733,15000,6630.29545454545
"youth","Sport England",2012,44,2099731,1677500,47721.1590909091
"youth","Sport England",2013,57,3310216,1997309,58073.9649122807
"youth","Sport England",2014,41,1435575,5e+05,35014.0243902439
"youth","Sport England",2015,44,836092,293498,19002.0909090909
"youth","Sport England",2016,24,1540473,850000,64186.375
"youth","Sport England",2017,29,2895572,1874216,99847.3103448276
"youth","The Big Lottery Fund",2004,1775,76051981,1.7e+07,42846.1864788732
"youth","The Big Lottery Fund",2005,2708,110838522,9817028,40930.0302806499
"youth","The Big Lottery Fund",2006,3352,123016961,5980000,36699.5707040573
"youth","The Big Lottery Fund",2007,2044,231963776.5,28850000,113485.213551859
"youth","The Big Lottery Fund",2008,1856,97578322.46,4979916,52574.5271875
"youth","The Big Lottery Fund",2009,1797,118909182,1200000,66170.9415692821
"youth","The Big Lottery Fund",2010,1819,55199917.01,1e+06,30346.2985211655
"youth","The Big Lottery Fund",2011,2061,132462840.06,7917697,64271.1499563319
"youth","The Big Lottery Fund",2012,2105,170764518.54,25880000,81123.2867173397
"youth","The Big Lottery Fund",2013,2337,209445486.98,10318438,89621.5177492512
"youth","The Big Lottery Fund",2014,604,20790601.2,1198292,34421.5251655629
"youth","The Big Lottery Fund",2015,1483,108808213,33254467,73370.3391773432
"youth","The Big Lottery Fund",2016,2122,140356666,10379790,66143.574929312
"youth","The Big Lottery Fund",2017,1556,84657016,1500000,54406.822622108
"youth","The Wellcome Trust",2005,14,2971676,826041,212262.571428571
"youth","The Wellcome Trust",2006,36,8089984,4084076,224721.777777778
"youth","The Wellcome Trust",2007,52,13716295,4968596,263774.903846154
"youth","The Wellcome Trust",2008,48,26223150,1e+07,546315.625
"youth","The Wellcome Trust",2009,29,6432451,2623989,221808.655172414
"youth","The Wellcome Trust",2010,40,12070405,4875000,301760.125
"youth","The Wellcome Trust",2011,33,17096171,5386687,518065.787878788
"youth","The Wellcome Trust",2012,21,16061875,5440234,764851.190476191
"youth","The Wellcome Trust",2013,30,5508211,1077037,183607.033333333
"youth","The Wellcome Trust",2014,37,9040206,1967414,244329.891891892
"youth","The Wellcome Trust",2015,51,14406714,2772791,282484.588235294
"youth","The Wellcome Trust",2016,57,16049542,4862358,281570.912280702
"youth","The Wellcome Trust",2017,34,5030967,727550,147969.617647059
